Workbook
Name _K: Sheet1!$B$1
Name Hazards: Hazards!$A$1:$A$16

Sheet Hazards
A1: ID | B1: T | C1: sin(kt) | D1: cos(kt)
A2: 1 | B2: 0 | C2: =SIN(Sheet1!$B$1*B2) -> 0 | D2: =COS(Sheet1!$B$1*B2) -> 1
A3: 2 | B3: =B2+1 -> 1 | C3: =SIN(Sheet1!$B$1*B3) -> 0.47942554 | D3: =COS(Sheet1!$B$1*B3) -> 0.87758256
A4: 3 | B4: =B3+1 -> 2 | C4: =SIN(Sheet1!$B$1*B4) -> 0.84147098 | D4: =COS(Sheet1!$B$1*B4) -> 0.54030231
A5: 4 | B5: =B4+1 -> 3 | C5: =SIN(Sheet1!$B$1*B5) -> 0.99749499 | D5: =COS(Sheet1!$B$1*B5) -> 0.070737202
A6: 5 | B6: =B5+1 -> 4 | C6: =SIN(Sheet1!$B$1*B6) -> 0.90929743 | D6: =COS(Sheet1!$B$1*B6) -> -0.41614684
A7: 6 | B7: =B6+1 -> 5 | C7: =SIN(Sheet1!$B$1*B7) -> 0.59847214 | D7: =COS(Sheet1!$B$1*B7) -> -0.80114362
A8: 7 | B8: =B7+1 -> 6 | C8: =SIN(Sheet1!$B$1*B8) -> 0.14112001 | D8: =COS(Sheet1!$B$1*B8) -> -0.9899925
A9: 8 | B9: =B8+1 -> 7 | C9: =SIN(Sheet1!$B$1*B9) -> -0.35078323 | D9: =COS(Sheet1!$B$1*B9) -> -0.93645669
A10: 9 | B10: =B9+1 -> 8 | C10: =SIN(Sheet1!$B$1*B10) -> -0.7568025 | D10: =COS(Sheet1!$B$1*B10) -> -0.65364362
A11: 10 | B11: =B10+1 -> 9 | C11: =SIN(Sheet1!$B$1*B11) -> -0.97753012 | D11: =COS(Sheet1!$B$1*B11) -> -0.2107958
A12: 11 | B12: =B11+1 -> 10 | C12: =SIN(Sheet1!$B$1*B12) -> -0.95892427 | D12: =COS(Sheet1!$B$1*B12) -> 0.28366219
A13: 12 | B13: =B12+1 -> 11 | C13: =SIN(Sheet1!$B$1*B13) -> -0.70554033 | D13: =COS(Sheet1!$B$1*B13) -> 0.70866977
A14: 13 | B14: =B13+1 -> 12 | C14: =SIN(Sheet1!$B$1*B14) -> -0.2794155 | D14: =COS(Sheet1!$B$1*B14) -> 0.96017029
... A16: 15 | B16: =B15+1 -> 14 | C16: =SIN(Sheet1!$B$1*B16) -> 0.6569866 | D16: =COS(Sheet1!$B$1*B16) -> 0.75390225

Sheet Sheet1
A1: K | B1: 0.5
